{"cameraMode":{"drawMode":0,"name":"Shaded","section":"Shading Mode"},"sceneLighting":true,"audioPlay":false,"sceneViewState":{"m_AlwaysRefresh":false,"showFog":true,"showSkybox":true,"showFlares":true,"showImageEffects":true,"showParticleSystems":true,"showVisualEffectGraphs":true,"m_FxEnabled":true},"in2DMode":false,"pivot":{"x":12.858124732971192,"y":10.917981147766114,"z":14.649545669555664},"rotation":{"x":-0.09225030988454819,"y":0.8937735557556152,"z":-0.3817264437675476,"w":-0.21760249137878419},"size":3.5660250186920168,"orthographic":false}